,ID,LCLAS_NM,MLSFC_NM,POI_ID,POI_NM,BHF_NM,ASSTN_NM,CL_CD,CL_NM,PNU,CTPRVN_NM,SIGNGU_NM,LEGALDONG_NM,LI_NM,LNBR_NO,LEGALDONG_CD,ADSTRD_CD,RDNMADR_CD,RDNMADR_NM,BULD_NO,LC_LO,LC_LA,GID_CD,LAST_CHG_DE,ORIGIN_NM,FILE_NM,BASE_DE
1106,KCLANPO23N000001107,장소,관광지,7777557,드림랜드캠핑장,,,60520,캠핑장,4723038029103880000,경상북도,영천시,고경면,용전리,388,4723038029,4723038000,472304730030.0,고도길,38,129.0002734,35.98388784,마마352773,20240108,KT,KC_495_LLR_ATRCTN_2023,20231220
1337,KCLANPO23N000001338,장소,관광지,8268396,공산폭포,,,60504,폭포/계곡,4723032021201430000,경상북도,영천시,신녕면,치산리,산143,4723032021,4723032000,,,,128.7226482,36.02831738,마마101819,20240108,KT,KC_495_LLR_ATRCTN_2023,20231220
1569,KCLANPO23N000001570,장소,관광지,8268665,안흥폭포,,,60504,폭포/계곡,4723031030200250001,경상북도,영천시,청통면,치일리,산25-1,4723031030,4723031000,472303354069.0,은해사로,417-197,128.7695037,35.98712346,마마144774,20240108,KT,KC_495_LLR_ATRCTN_2023,20231220
1719,KCLANPO23N000001720,장소,관광지,8268847,팔공폭포,,,60504,폭포/계곡,4723032021201430000,경상북도,영천시,신녕면,치산리,산143,4723032021,4723032000,,,,128.7204147,36.03047459,마마099822,20240108,KT,KC_495_LLR_ATRCTN_2023,20231220
2164,KCLANPO23N000002165,장소,관광지,8269598,옥간정,,,60603,유명사적/유적지,4723034030104390003,경상북도,영천시,화북면,횡계리,439-3,4723034030,4723034000,472303310010.0,별빛로,122,128.9479378,36.11477918,마마303918,20240108,KT,KC_495_LLR_ATRCTN_2023,20231220
2465,KCLANPO23N000002466,장소,관광지,8269983,산수정,,,60603,유명사적/유적지,4723037024110200000,경상북도,영천시,임고면,삼매리,1020,4723037024,4723037000,472304730291.0,삼매매곡길,356-6,128.9767019,36.0731488,마마329872,20240108,KT,KC_495_LLR_ATRCTN_2023,20231220
2470,KCLANPO23N000002471,장소,관광지,8269989,유금사3층석탑,,,60606,비/탑/문/각,4723034029202260000,경상북도,영천시,화북면,정각리,산226,4723034029,4723034000,,,,128.9929922,36.1509422,마마343959,20240108,KT,KC_495_LLR_ATRCTN_2023,20231220
2509,KCLANPO23N000002510,장소,관광지,8270033,숭열당,,,60605,보물,4723010900100090002,경상북도,영천시,성내동,,9-2,4723010900,4723053500,472304730378.0,숭렬당길,1,128.9289225,35.96640578,마마288753,20240108,KT,KC_495_LLR_ATRCTN_2023,20231220
2534,KCLANPO23N000002535,장소,관광지,8270059,청제비,,,60605,보물,4723012600200070001,경상북도,영천시,도남동,,산7-1,4723012600,4723055500,,,,128.9408883,35.92510698,마마299707,20240108,KT,KC_495_LLR_ATRCTN_2023,20231220
2794,KCLANPO23N000002795,장소,관광지,8270362,강호정,,,60608,고택/생가/민속마을,4723036028200780007,경상북도,영천시,자양면,성곡리,산78-7,4723036028,4723036000,,,,129.015677,36.07802926,마마364878,20240108,KT,KC_495_LLR_ATRCTN_2023,20231220
2809,KCLANPO23N000002810,장소,관광지,8270386,독낙당,,,60608,고택/생가/민속마을,4723036025102630000,경상북도,영천시,자양면,용산리,263,4723036025,4723036000,472304730536.0,원각길,50-76,129.0364961,36.08998244,마마383892,20240108,KT,KC_495_LLR_ATRCTN_2023,20231220
2907,KCLANPO23N000002908,장소,관광지,8270511,용계서원,,,60609,서원/향교/서당,4723036025103030000,경상북도,영천시,자양면,용산리,303,4723036025,4723036000,472304730536.0,원각길,45-4,129.0354814,36.0896353,마마382891,20240108,KT,KC_495_LLR_ATRCTN_2023,20231220
2947,KCLANPO23N000002948,장소,관광지,8270556,도계서원,,,60609,서원/향교/서당,4723039030200040000,경상북도,영천시,북안면,도천리,산4,4723039030,4723039000,472304730405.0,신평탑골길,93-59,129.0230188,35.88911069,마마374669,20240108,KT,KC_495_LLR_ATRCTN_2023,20231220
2964,KCLANPO23N000002965,장소,관광지,8270583,임고서원,,,60609,서원/향교/서당,4723037021104930000,경상북도,영천시,임고면,양항리,493,4723037021,4723037000,472303018008.0,포은로,447,128.9732314,36.01665848,마마327809,20240108,KT,KC_495_LLR_ATRCTN_2023,20231220
3402,KCLANPO23N000003403,장소,관광지,8292185,치산관광지,,,60513,일반관광지,4723032021115760000,경상북도,영천시,신녕면,치산리,1576,4723032021,4723032000,,,,128.7114429,36.04941098,마마091842,20240108,KT,KC_495_LLR_ATRCTN_2023,20231220
3497,KCLANPO23N000003498,장소,관광지,8292372,돌할매,,,60513,일반관광지,4723039038102210000,경상북도,영천시,북안면,관리,221,4723039038,4723039000,472303310007.0,돌할매로,484,129.045879,35.93982711,마마394725,20240108,KT,KC_495_LLR_ATRCTN_2023,20231220
3528,KCLANPO23N000003529,장소,관광지,8292453,보현산천문대,,,60514,유명관광지,4723034029100730013,경상북도,영천시,화북면,정각리,73-13,4723034029,4723034000,472304730586.0,정각길,475,128.9760114,36.16358314,마마327972,20240108,KT,KC_495_LLR_ATRCTN_2023,20231220
3673,KCLANPO23N000003674,장소,관광지,8292796,치산관광온천랜드,,,60514,유명관광지,4723032021201250012,경상북도,영천시,신녕면,치산리,산125-12,4723032021,4723032000,472304730656.0,치산관광길,313,128.7152346,36.04564777,마마094838,20240108,KT,KC_495_LLR_ATRCTN_2023,20231220
4358,KCLANPO23N000004359,장소,관광지,10252851,약수관광농원,,,60516,관광농원/허브마을,4723038029103880000,경상북도,영천시,고경면,용전리,388,4723038029,4723038000,472304730030.0,고도길,38,129.0002219,35.98417579,마마352774,20240108,KT,KC_495_LLR_ATRCTN_2023,20231220
4495,KCLANPO23N000004496,장소,관광지,10253028,별빛포도마을,,,60519,정보화마을,4723035024106130002,경상북도,영천시,화남면,사천리,613-2,4723035024,4723035000,,,,128.9191639,36.0392576,마마278834,20240108,KT,KC_495_LLR_ATRCTN_2023,20231220
4656,KCLANPO23N000004657,장소,관광지,10282564,포은정몽주유허비,,,60606,비/탑/문/각,4723037031102870004,경상북도,영천시,임고면,우항리,287-4,4723037031,4723037000,,,,128.9855375,36.00615259,마마338798,20240108,KT,KC_495_LLR_ATRCTN_2023,20231220
4736,KCLANPO23N000004737,장소,관광지,10607914,임란의병한천전승첩탑,,,60606,비/탑/문/각,4723035027100360000,경상북도,영천시,화남면,삼창리,36,4723035027,4723035000,,,,128.8997398,36.06936736,마마260867,20240108,KT,KC_495_LLR_ATRCTN_2023,20231220
4806,KCLANPO23N000004807,장소,관광지,10683816,영산전,,,60604,국보,4723031034200910000,경상북도,영천시,청통면,신원리,산91,4723031034,4723031000,,,,128.764282,36.01963082,마마139810,20240108,KT,KC_495_LLR_ATRCTN_2023,20231220
4965,KCLANPO23N000004966,장소,관광지,10684354,청동보살좌상,,,60605,보물,4723031030105550000,경상북도,영천시,청통면,치일리,555,4723031030,4723031000,472303354069.0,은해사로,660,128.7592134,36.00374618,마마134792,20240108,KT,KC_495_LLR_ATRCTN_2023,20231220
4966,KCLANPO23N000004967,장소,관광지,10684355,화남동삼층석탑,,,60605,보물,4723032024104990000,경상북도,영천시,신녕면,화남리,499,4723032024,4723032000,,,,128.7665491,36.08405382,마마140881,20240108,KT,KC_495_LLR_ATRCTN_2023,20231220
4968,KCLANPO23N000004969,장소,관광지,10684358,극락전수미단,,,60605,보물,4723031030105490000,경상북도,영천시,청통면,치일리,549,4723031030,4723031000,472303354069.0,은해사로,417-144,128.7680085,35.99657068,마마142784,20240108,KT,KC_495_LLR_ATRCTN_2023,20231220
4975,KCLANPO23N000004976,장소,관광지,10684370,영천향교대성전,,,60605,보물,4723010700100460001,경상북도,영천시,교촌동,,46-1,4723010700,4723053500,472304730058.0,교촌길,34,128.928213,35.96996114,마마287757,20240108,KT,KC_495_LLR_ATRCTN_2023,20231220
4978,KCLANPO23N000004979,장소,관광지,10684375,선원동철불좌상,,,60605,보물,4723037022107480000,경상북도,영천시,임고면,선원리,748,4723037022,4723037000,472304730703.0,환구길,125-6,128.9696326,36.03858182,마마323834,20240108,KT,KC_495_LLR_ATRCTN_2023,20231220
5058,KCLANPO23N000005059,장소,관광지,10802760,신월동삼층석탑,,,60605,보물,4723025028104190001,경상북도,영천시,금호읍,신월리,419-1,4723025028,4723025000,,,,128.898717,35.93687641,마마261720,20240108,KT,KC_495_LLR_ATRCTN_2023,20231220
5347,KCLANPO23N000005348,장소,관광지,10806891,자천리오리장림,,,60607,천연기념물,4723034021114210001,경상북도,영천시,화북면,자천리,1421-1,4723034021,4723034000,,,,128.9149593,36.10420519,마마273906,20240108,KT,KC_495_LLR_ATRCTN_2023,20231220
5443,KCLANPO23N000005444,장소,관광지,11259343,운주산승마자연휴양림,,,60503,휴양림/수목원,4723037025200380000,경상북도,영천시,임고면,평천리,산38,4723037025,4723037000,,,,128.9960381,36.03709372,마마347832,20240108,KT,KC_495_LLR_ATRCTN_2023,20231220
6324,KCLANPO23N000006325,장소,관광지,11297512,동봉석조약사여래입상,,,60603,유명사적/유적지,4723032021201410005,경상북도,영천시,신녕면,치산리,산141-5,4723032021,4723032000,,,,128.697247,36.01374462,마마078803,20240108,KT,KC_495_LLR_ATRCTN_2023,20231220
7257,KCLANPO23N000007258,장소,관광지,11385509,별빛마을,,,60518,팜스테이,4723034029107730000,경상북도,영천시,화북면,정각리,773,4723034029,4723034000,,,,128.9939495,36.13972687,마마344946,20240108,KT,KC_495_LLR_ATRCTN_2023,20231220
7263,KCLANPO23N000007264,장소,관광지,11385516,오룡리누에마을,,,60518,팜스테이,4723038044101970000,경상북도,영천시,고경면,오룡리,197,4723038044,4723038000,472304730478.0,오배길,35-17,129.1330987,36.01482744,마마471810,20240108,KT,KC_495_LLR_ATRCTN_2023,20231220
9106,KCLANPO23N000009107,장소,관광지,13661152,영천한약축제,,,60523,지역축제,4723011300112690001,경상북도,영천시,완산동,,1269-1,4723011300,4723052000,,,,128.9396038,35.97003541,마마298757,20240108,KT,KC_495_LLR_ATRCTN_2023,20231220
9107,KCLANPO23N000009108,장소,관광지,13661154,영천시민축제,,,60523,지역축제,4723010700102880004,경상북도,영천시,교촌동,,288-4,4723010700,4723053500,472303310022.0,운동장로,54,128.9243716,35.96802709,마마284755,20240108,KT,KC_495_LLR_ATRCTN_2023,20231220
9108,KCLANPO23N000009109,장소,관광지,13661155,보현산별빛축제,,,60523,지역축제,4723034029106890000,경상북도,영천시,화북면,정각리,689,4723034029,4723034000,472303310010.0,별빛로,681-32,128.9964783,36.140236,마마346947,20240108,KT,KC_495_LLR_ATRCTN_2023,20231220
9109,KCLANPO23N000009110,장소,관광지,13661156,영천골벌문화예술제,,,60523,지역축제,4723010500101950003,경상북도,영천시,문외동,,195-3,4723010500,4723052000,,,,128.9373493,35.9723338,마마295760,20240108,KT,KC_495_LLR_ATRCTN_2023,20231220
9470,KCLANPO23N000009471,장소,관광지,13676425,거조암삼층석탑,,,60606,비/탑/문/각,4723031034106210002,경상북도,영천시,청통면,신원리,621-2,4723031034,4723031000,,,,128.7650525,36.01980426,마마139810,20240108,KT,KC_495_LLR_ATRCTN_2023,20231220
9494,KCLANPO23N000009495,장소,관광지,13676510,은해사대웅전,,,60603,유명사적/유적지,4723031030104790000,경상북도,영천시,청통면,치일리,479,4723031030,4723031000,472303354069.0,은해사로,300,128.789903,35.99232283,마마162780,20240108,KT,KC_495_LLR_ATRCTN_2023,20231220
9499,KCLANPO23N000009500,장소,관광지,13676517,신녕향교대성전,,,60603,유명사적/유적지,4723032027105250000,경상북도,영천시,신녕면,화성리,525,4723032027,4723032000,472304730663.0,큰골길,30-7,128.7913212,36.04859371,마마163842,20240108,KT,KC_495_LLR_ATRCTN_2023,20231220
9525,KCLANPO23N000009526,장소,관광지,13676652,보성리암각화,,,60603,유명사적/유적지,4723031023106830003,경상북도,영천시,청통면,보성리,683-3,4723031023,4723031000,472303310024.0,청통로,492,128.8406122,35.99402726,마마208783,20240108,KT,KC_495_LLR_ATRCTN_2023,20231220
9553,KCLANPO23N000009554,장소,관광지,13676708,귀애정,,,60603,유명사적/유적지,4723035028106440000,경상북도,영천시,화남면,귀호리,644,4723035028,4723035000,472304730078.0,귀호1길,37-25,128.8736523,36.05742156,마마237853,20240108,KT,KC_495_LLR_ATRCTN_2023,20231220
9557,KCLANPO23N000009558,장소,관광지,13676723,금산당,,,60603,유명사적/유적지,4723025036102750000,경상북도,영천시,금호읍,오계리,275,4723025036,4723025000,472304730601.0,종동길,23,128.8903373,35.90663718,마마254686,20240108,KT,KC_495_LLR_ATRCTN_2023,20231220
9558,KCLANPO23N000009559,장소,관광지,13676724,만취당,,,60603,유명사적/유적지,4723025036102710000,경상북도,영천시,금호읍,오계리,271,4723025036,4723025000,472304730601.0,종동길,25,128.8907418,35.9067707,마마254686,20240108,KT,KC_495_LLR_ATRCTN_2023,20231220
9570,KCLANPO23N000009571,장소,관광지,13676746,유후재,,,60606,비/탑/문/각,4723040029102100001,경상북도,영천시,대창면,대재리,210-1,4723040029,4723040000,472303310027.0,칠백로,64-39,128.907383,35.87824402,마마270655,20240108,KT,KC_495_LLR_ATRCTN_2023,20231220
9573,KCLANPO23N000009574,장소,관광지,13676751,이대전유허비,,,60606,비/탑/문/각,4723012000106170000,경상북도,영천시,대전동,,617,4723012000,4723053500,472304730377.0,순흥길,5-74,128.9120196,35.9816096,마마272770,20240108,KT,KC_495_LLR_ATRCTN_2023,20231220
9574,KCLANPO23N000009575,장소,관광지,13676762,호수종택,,,60608,고택/생가/민속마을,4723012000100520000,경상북도,영천시,대전동,,52,4723012000,4723053500,472304730141.0,대전길,137-35,128.915682,35.98908828,마마276778,20240108,KT,KC_495_LLR_ATRCTN_2023,20231220
9575,KCLANPO23N000009576,장소,관광지,13676764,양계정사,,,60603,유명사적/유적지,4723012000100070000,경상북도,영천시,대전동,,7,4723012000,4723053500,472304730631.0,창동길,7-18,128.9167921,35.99169748,마마277781,20240108,KT,KC_495_LLR_ATRCTN_2023,20231220
9579,KCLANPO23N000009580,장소,관광지,13676771,지산고택,,,60608,고택/생가/민속마을,4723040027106990000,경상북도,영천시,대창면,신광리,699,4723040027,4723040000,472304730462.0,영지길,117-9,128.9221303,35.85671539,마마284631,20240108,KT,KC_495_LLR_ATRCTN_2023,20231220
9582,KCLANPO23N000009583,장소,관광지,13676777,영천향교,,,60609,서원/향교/서당,4723010700100460001,경상북도,영천시,교촌동,,46-1,4723010700,4723053500,472304730058.0,교촌길,34,128.928213,35.96996114,마마287757,20240108,KT,KC_495_LLR_ATRCTN_2023,20231220
9584,KCLANPO23N000009585,장소,관광지,13676785,약남리회화나무,,,60603,유명사적/유적지,4723025032100820000,경상북도,영천시,금호읍,약남리,82,4723025032,4723025000,,,,128.9319712,35.90154593,마마292681,20240108,KT,KC_495_LLR_ATRCTN_2023,20231220
9585,KCLANPO23N000009586,장소,관광지,13676786,조양각,,,60606,비/탑/문/각,4723010600100010002,경상북도,영천시,창구동,,1-2,4723010600,4723052000,,,,128.9329909,35.96698372,마마292754,20240108,KT,KC_495_LLR_ATRCTN_2023,20231220
9590,KCLANPO23N000009591,장소,관광지,13676800,모고헌,,,60603,유명사적/유적지,4723034030104570003,경상북도,영천시,화북면,횡계리,457-3,4723034030,4723034000,472303310010.0,별빛로,106,128.9464939,36.11554027,마마301919,20240108,KT,KC_495_LLR_ATRCTN_2023,20231220
9591,KCLANPO23N000009592,장소,관광지,13676802,도잠서원,,,60609,서원/향교/서당,4723040026101450001,경상북도,영천시,대창면,용호리,145-1,4723040026,4723040000,472304730462.0,영지길,405,128.9460485,35.84807478,마마305622,20240108,KT,KC_495_LLR_ATRCTN_2023,20231220
9592,KCLANPO23N000009593,장소,관광지,13676804,공덕동삼층석탑,,,60606,비/탑/문/각,4723034031101730001,경상북도,영천시,화북면,공덕리,173-1,4723034031,4723034000,,,,128.963757,36.09260593,마마317893,20240108,KT,KC_495_LLR_ATRCTN_2023,20231220
9595,KCLANPO23N000009596,장소,관광지,13676815,환구세덕사,,,60603,유명사적/유적지,4723037022107680000,경상북도,영천시,임고면,선원리,768,4723037022,4723037000,472304730703.0,환구길,142-1,128.969421,36.03932563,마마323834,20240108,KT,KC_495_LLR_ATRCTN_2023,20231220
9596,KCLANPO23N000009597,장소,관광지,13676817,정용준씨가옥,,,60608,고택/생가/민속마을,4723037022101310000,경상북도,영천시,임고면,선원리,131,4723037022,4723037000,472304730341.0,선원연정길,49-10,128.9774854,36.05063429,마마330847,20240108,KT,KC_495_LLR_ATRCTN_2023,20231220
9602,KCLANPO23N000009603,장소,관광지,13676828,정각리삼층석탑,,,60606,비/탑/문/각,4723034029200200000,경상북도,영천시,화북면,정각리,산20,4723034029,4723034000,472304730585.0,정각2길,22,128.9925173,36.1513409,마마342959,20240108,KT,KC_495_LLR_ATRCTN_2023,20231220
9603,KCLANPO23N000009604,장소,관광지,13676829,김씨지사공종택,,,60608,고택/생가/민속마을,4723037026102690000,경상북도,영천시,임고면,황강리,269,4723037026,4723037000,472304730705.0,황강길,19,128.993957,36.02700761,마마346821,20240108,KT,KC_495_LLR_ATRCTN_2023,20231220
9604,KCLANPO23N000009605,장소,관광지,13676831,자양서당,,,60609,서원/향교/서당,4723037024200060001,경상북도,영천시,임고면,삼매리,산6-1,4723037024,4723037000,,,,129.0034522,36.04876093,마마354845,20240108,KT,KC_495_LLR_ATRCTN_2023,20231220
9605,KCLANPO23N000009606,장소,관광지,13676832,동인각,,,60606,비/탑/문/각,4723037024200060000,경상북도,영천시,임고면,삼매리,산6,4723037024,4723037000,472303018008.0,포은로,964-63,129.0033168,36.04863119,마마354845,20240108,KT,KC_495_LLR_ATRCTN_2023,20231220
9608,KCLANPO23N000009609,장소,관광지,13676835,삼휴정,,,60603,유명사적/유적지,4723036028106600002,경상북도,영천시,자양면,성곡리,660-2,4723036028,4723036000,472303018008.0,포은로,1611-11,129.0152784,36.07898492,마마364879,20240108,KT,KC_495_LLR_ATRCTN_2023,20231220
9609,KCLANPO23N000009610,장소,관광지,13676836,사의당,,,60603,유명사적/유적지,4723036028106600001,경상북도,영천시,자양면,성곡리,660-1,4723036028,4723036000,472303018008.0,포은로,1611-21,129.0147234,36.07977452,마마363880,20240108,KT,KC_495_LLR_ATRCTN_2023,20231220
9610,KCLANPO23N000009611,장소,관광지,13676837,하천재,,,60603,유명사적/유적지,4723036028200780000,경상북도,영천시,자양면,성곡리,산78,4723036028,4723036000,,,,129.0154081,36.0787827,마마364879,20240108,KT,KC_495_LLR_ATRCTN_2023,20231220
9611,KCLANPO23N000009612,장소,관광지,13676838,오회당,,,60603,유명사적/유적지,4723036028200780004,경상북도,영천시,자양면,성곡리,산78-4,4723036028,4723036000,472303018008.0,포은로,1611-15,129.0151792,36.07921182,마마364879,20240108,KT,KC_495_LLR_ATRCTN_2023,20231220
9760,KCLANPO23N000009761,장소,관광지,13683296,중암암삼층석탑,,,60606,비/탑/문/각,4723031030104790000,경상북도,영천시,청통면,치일리,479,4723031030,4723031000,472303354069.0,은해사로,300,128.7902616,35.99224072,마마163780,20240108,KT,KC_495_LLR_ATRCTN_2023,20231220
11105,KCLANPO23N000011106,장소,관광지,14567011,아산정,,,60603,유명사적/유적지,4723036028105170000,경상북도,영천시,자양면,성곡리,517,4723036028,4723036000,472303018008.0,포은로,1685,129.0225206,36.0785346,마마370879,20240108,KT,KC_495_LLR_ATRCTN_2023,20231220
11300,KCLANPO23N000011301,장소,관광지,14703715,고천서원,,,60603,유명사적/유적지,4723037032102450000,경상북도,영천시,임고면,고천리,245,4723037032,4723037000,472304730033.0,고천길,64-3,128.9906342,36.01719616,마마343810,20240108,KT,KC_495_LLR_ATRCTN_2023,20231220
12706,KCLANPO23N000012707,장소,관광지,15576490,염모제,,,60603,유명사적/유적지,4723040023104230000,경상북도,영천시,대창면,용전리,423,4723040023,4723040000,472304730682.0,한들길,39-28,128.9470388,35.86909201,마마306645,20240108,KT,KC_495_LLR_ATRCTN_2023,20231220
13274,KCLANPO23N000013275,장소,관광지,15917288,귀천서원,,,60603,유명사적/유적지,4723032021112930000,경상북도,영천시,신녕면,치산리,1293,4723032021,4723032000,472304730656.0,치산관광길,185-8,128.7158433,36.05513122,마마095849,20240108,KT,KC_495_LLR_ATRCTN_2023,20231220
13493,KCLANPO23N000013494,장소,관광지,16131455,치산계곡,,,60504,폭포/계곡,4723032021202550000,경상북도,영천시,신녕면,치산리,산255,4723032021,4723032000,472304730656.0,치산관광길,259,128.7186239,36.04070384,마마097833,20240108,KT,KC_495_LLR_ATRCTN_2023,20231220
14131,KCLANPO23N000014132,장소,관광지,16431155,기기암폭포,,,60504,폭포/계곡,4723031030200250001,경상북도,영천시,청통면,치일리,산25-1,4723031030,4723031000,472303354069.0,은해사로,417-197,128.7652827,35.98746691,마마140774,20240108,KT,KC_495_LLR_ATRCTN_2023,20231220
14152,KCLANPO23N000014153,장소,관광지,16431415,보현민박오토캠핑장,,,60520,캠핑장,4723034030100070000,경상북도,영천시,화북면,횡계리,7,4723034030,4723034000,472303310010.0,별빛로,302,128.9651857,36.121573,마마318926,20240108,KT,KC_495_LLR_ATRCTN_2023,20231220
14337,KCLANPO23N000014338,장소,관광지,16486325,신녕향교명륜당,,,60609,서원/향교/서당,4723032027105250000,경상북도,영천시,신녕면,화성리,525,4723032027,4723032000,472304730663.0,큰골길,30-7,128.7913479,36.04882826,마마163843,20240108,KT,KC_495_LLR_ATRCTN_2023,20231220
14374,KCLANPO23N000014375,장소,관광지,16486421,서원,,,60609,서원/향교/서당,4723037021105340000,경상북도,영천시,임고면,양항리,534,4723037021,4723037000,472303018008.0,포은로,455,128.9731761,36.0175759,마마327810,20240108,KT,KC_495_LLR_ATRCTN_2023,20231220
14375,KCLANPO23N000014376,장소,관광지,16486425,대천서원,,,60609,서원/향교/서당,4723035025104570000,경상북도,영천시,화남면,대천리,457,4723035025,4723035000,472304730147.0,대천2길,18,128.9090396,36.04137683,마마269836,20240108,KT,KC_495_LLR_ATRCTN_2023,20231220
14376,KCLANPO23N000014377,장소,관광지,16486427,서원,,,60609,서원/향교/서당,4723035029102810003,경상북도,영천시,화남면,안천리,281-3,4723035029,4723035000,472304730685.0,한천길,163-50,128.8928277,36.07890238,마마254877,20240108,KT,KC_495_LLR_ATRCTN_2023,20231220
14377,KCLANPO23N000014378,장소,관광지,16486429,무원서원,,,60609,서원/향교/서당,4723032025107460000,경상북도,영천시,신녕면,왕산리,746,4723032025,4723032000,472303310040.0,치산효령로,152-26,128.7722419,36.05050321,마마145844,20240108,KT,KC_495_LLR_ATRCTN_2023,20231220
14495,KCLANPO23N000014496,장소,관광지,16486730,연계서원,,,60609,서원/향교/서당,4723032030101900000,경상북도,영천시,신녕면,연정리,190,4723032030,4723032000,472304730457.0,연정큰길,67,128.8141803,36.05276892,마마183847,20240108,KT,KC_495_LLR_ATRCTN_2023,20231220
14542,KCLANPO23N000014543,장소,관광지,16486843,옥산서당,,,60609,서원/향교/서당,4723039021105730000,경상북도,영천시,북안면,상리,573,4723039021,4723039000,472304730283.0,사방길,26-10,128.9901676,35.84950863,마마345624,20240108,KT,KC_495_LLR_ATRCTN_2023,20231220
14828,KCLANPO23N000014829,장소,관광지,16499378,영천개코야영장,,,60506,야영장,4723039038101950000,경상북도,영천시,북안면,관리,195,4723039038,4723039000,,,,129.0455343,35.94121013,마마394727,20240108,KT,KC_495_LLR_ATRCTN_2023,20231220
15005,KCLANPO23N000015006,장소,관광지,16508680,치산관광지캠핑장,,,60520,캠핑장,4723032021202550000,경상북도,영천시,신녕면,치산리,산255,4723032021,4723032000,472304730656.0,치산관광길,259,128.7132491,36.04862326,마마092842,20240108,KT,KC_495_LLR_ATRCTN_2023,20231220
15317,KCLANPO23N000015318,장소,관광지,16567052,정남염소농장,,,60516,관광농원/허브마을,4723040031100740000,경상북도,영천시,대창면,사리리,74,4723040031,4723040000,472304730342.0,선진길,162-44,128.8788871,35.88471786,마마244662,20240108,KT,KC_495_LLR_ATRCTN_2023,20231220
15462,KCLANPO23N000015463,장소,관광지,16638280,별별미술마을,,,60513,일반관광지,4723033027106780002,경상북도,영천시,화산면,가상리,678-2,4723033027,4723033000,,,,128.8886592,36.0340108,마마251827,20240108,KT,KC_495_LLR_ATRCTN_2023,20231220
15703,KCLANPO23N000015704,장소,관광지,16673817,영천댐공원,,,60513,일반관광지,4723037024100680005,경상북도,영천시,임고면,삼매리,68-5,4723037024,4723037000,472303309040.0,신방로,19,129.0115588,36.0574421,마마361855,20240108,KT,KC_495_LLR_ATRCTN_2023,20231220
16096,KCLANPO23N000016097,장소,관광지,16820758,귀애고택,,,60608,고택/생가/민속마을,4723035028106210000,경상북도,영천시,화남면,귀호리,621,4723035028,4723035000,472304730078.0,귀호1길,37-17,128.874225,36.05715302,마마237853,20240108,KT,KC_495_LLR_ATRCTN_2023,20231220
16399,KCLANPO23N000016400,장소,관광지,16859471,영천돌할매오토캠핑장,,,60520,캠핑장,4723038037106750000,경상북도,영천시,고경면,삼귀리,675,4723038037,4723038000,,,,129.0576719,35.94471049,마마404731,20240108,KT,KC_495_LLR_ATRCTN_2023,20231220
16989,KCLANPO23N000016990,장소,관광지,17021720,삼밭골승마목장글램핑,,,60520,캠핑장,4723010300106190001,경상북도,영천시,야사동,,619-1,4723010300,4723051000,472304730294.0,삼밭골길,102,128.9412066,35.98922334,마마299778,20240108,KT,KC_495_LLR_ATRCTN_2023,20231220
17200,KCLANPO23N000017201,장소,관광지,17111081,솔롱고글램핑,,,60520,캠핑장,4723025032103580001,경상북도,영천시,금호읍,약남리,358-1,4723025032,4723025000,472303310027.0,칠백로,446,128.9265385,35.90189124,마마287681,20240108,KT,KC_495_LLR_ATRCTN_2023,20231220
17866,KCLANPO23N000017867,장소,관광지,17388142,영천호오토캠핑장,,,60520,캠핑장,4723037024100680005,경상북도,영천시,임고면,삼매리,68-5,4723037024,4723037000,472303309040.0,신방로,19,129.0113273,36.05687068,마마361854,20240108,KT,KC_495_LLR_ATRCTN_2023,20231220
18448,KCLANPO23N000018449,장소,관광지,17512944,전금강성장군황보능장묘,,,60601,궁궐/종묘,4723038022103800000,경상북도,영천시,고경면,창하리,380,4723038022,4723038000,472303018037.0,호국로,495,128.9851584,35.98585216,마마338775,20240108,KT,KC_495_LLR_ATRCTN_2023,20231220
18815,KCLANPO23N000018816,장소,관광지,17617037,피노키오농장,,,60516,관광농원/허브마을,4723012700104070000,경상북도,영천시,매산동,,407,4723012700,4723052000,472304730678.0,하명길,85,128.9197875,36.01164173,마마279803,20240108,KT,KC_495_LLR_ATRCTN_2023,20231220
19519,KCLANPO23N000019520,장소,관광지,17871023,매호실향비,,,60606,비/탑/문/각,4723037033200120000,경상북도,영천시,임고면,매호리,산12,4723037033,4723037000,,,,128.9678025,36.01023741,마마322802,20240108,KT,KC_495_LLR_ATRCTN_2023,20231220
20327,KCLANPO23N000020328,장소,관광지,17942328,경북영어한마당축제,,,60523,지역축제,4723010700103360000,경상북도,영천시,교촌동,,336,4723010700,4723053500,,,,128.9225875,35.97095518,마마282758,20240108,KT,KC_495_LLR_ATRCTN_2023,20231220
20401,KCLANPO23N000020402,장소,관광지,17990368,영천전통문화체험관,,,60513,일반관광지,4723010700102880004,경상북도,영천시,교촌동,,288-4,4723010700,4723053500,472303310022.0,운동장로,54,128.924322,35.96764399,마마284754,20240108,KT,KC_495_LLR_ATRCTN_2023,20231220
20570,KCLANPO23N000020571,장소,관광지,18102225,포은정몽주선생생가,,,60608,고택/생가/민속마을,4723037031101830000,경상북도,영천시,임고면,우항리,183,4723037031,4723037000,472303310042.0,효자로,342,128.989824,36.01114726,마마342803,20240108,KT,KC_495_LLR_ATRCTN_2023,20231220
20604,KCLANPO23N000020605,장소,관광지,18114279,자연체험학습장,,,60513,일반관광지,4723039025103070001,경상북도,영천시,북안면,명주리,307-1,4723039025,4723039000,472303310039.0,운북로,1447,128.994751,35.87375968,마마349651,20240108,KT,KC_495_LLR_ATRCTN_2023,20231220
20673,KCLANPO23N000020674,장소,관광지,18142215,스텔라캠핑장,,,60520,캠핑장,4723036021126810000,경상북도,영천시,자양면,보현리,2681,4723036021,4723036000,472303310010.0,별빛로,710-7,128.9989695,36.13690498,마마348943,20240108,KT,KC_495_LLR_ATRCTN_2023,20231220
20717,KCLANPO23N000020718,장소,관광지,18156551,보현산댐전망대,,,60513,일반관광지,4723034023106110002,경상북도,영천시,화북면,입석리,611-2,4723034023,4723034000,472303018036.0,천문로,2610,128.9526571,36.12695189,마마307931,20240108,KT,KC_495_LLR_ATRCTN_2023,20231220
21626,KCLANPO23N000021627,장소,관광지,18307151,보현산별빛테마마을야영장,,,60506,야영장,4723034029107030000,경상북도,영천시,화북면,정각리,703,4723034029,4723034000,,,,128.9963575,36.14094706,마마346948,20240108,KT,KC_495_LLR_ATRCTN_2023,20231220
22647,KCLANPO23N000022648,장소,관광지,18522913,글램코티지,,,60520,캠핑장,4723037033105740000,경상북도,영천시,임고면,매호리,574,4723037033,4723037000,472303018008.0,포은로,175-32,128.9630688,35.99417468,마마318784,20240108,KT,KC_495_LLR_ATRCTN_2023,20231220
22663,KCLANPO23N000022664,장소,관광지,18578905,금박산관광농원,,,60520,캠핑장,4723040032109720000,경상북도,영천시,대창면,대창리,972,4723040032,4723040000,472303018029.0,금박로,1004,128.8903222,35.87439504,마마255650,20240108,KT,KC_495_LLR_ATRCTN_2023,20231220
22991,KCLANPO23N000022992,장소,관광지,18871092,늘푸른체험학교캠핑장,,,60520,캠핑장,4723040027107620000,경상북도,영천시,대창면,신광리,762,4723040027,4723040000,472304730462.0,영지길,100,128.9198442,35.85825231,마마282633,20240108,KT,KC_495_LLR_ATRCTN_2023,20231220
23044,KCLANPO23N000023045,장소,관광지,18873937,영천구룡산오토캠핑장앤펜션,,,60520,캠핑장,4723039021102970003,경상북도,영천시,북안면,상리,297-3,4723039021,4723039000,472304730309.0,상리중앙길,50-21,128.9894514,35.8531976,마마344628,20240108,KT,KC_495_LLR_ATRCTN_2023,20231220
23244,KCLANPO23N000023245,장소,관광지,19002325,영천시오감공예체험장,,,60520,캠핑장,4723036028105370000,경상북도,영천시,자양면,성곡리,537,4723036028,4723036000,472303018008.0,포은로,1625-11,129.0182379,36.08076846,마마367881,20240108,KT,KC_495_LLR_ATRCTN_2023,20231220
23513,KCLANPO23N000023514,장소,관광지,19469725,영천슈퍼베리팜,,,60516,관광농원/허브마을,4723011400200530001,경상북도,영천시,범어동,,산53-1,4723011400,4723055500,,,,128.9757241,35.95158436,마마330737,20240108,KT,KC_495_LLR_ATRCTN_2023,20231220
24395,KCLANPO23N000024396,장소,관광지,19868699,홀스파크,,,60513,일반관광지,4723010300106190003,경상북도,영천시,야사동,,619-3,4723010300,4723051000,472304730294.0,삼밭골길,107,128.939826,35.98939183,마마297779,20240108,KT,KC_495_LLR_ATRCTN_2023,20231220
24717,KCLANPO23N000024718,장소,관광지,19869129,보현산천문전시체험관,,,60513,일반관광지,4723034029106890000,경상북도,영천시,화북면,정각리,689,4723034029,4723034000,472303310010.0,별빛로,681-32,128.9974274,36.14019042,마마347947,20240108,KT,KC_495_LLR_ATRCTN_2023,20231220
25304,KCLANPO23N000025305,장소,관광지,20019753,렛츠런파크(2026년1월예정),,,60507,테마공원/대형놀이공원,4723025023200100000,경상북도,영천시,금호읍,성천리,산10,4723025023,4723025000,,,,128.8734941,35.94944202,마마238733,20240108,KT,KC_495_LLR_ATRCTN_2023,20231220
26229,KCLANPO23N000026230,장소,관광지,20125209,영천한의마을,,,60516,관광농원/허브마을,4723011000200430000,경상북도,영천시,화룡동,,산43,4723011000,4723053500,472303018036.0,천문로,485,128.9219959,35.97746597,마마282765,20240108,KT,KC_495_LLR_ATRCTN_2023,20231220
26785,KCLANPO23N000026786,장소,관광지,20151668,운주산승마자연휴양림야영장,,,60520,캠핑장,4723037026200090000,경상북도,영천시,임고면,황강리,산9,4723037026,4723037000,472304730380.0,승마휴양림길,105,129.0000819,36.04117482,마마351837,20240108,KT,KC_495_LLR_ATRCTN_2023,20231220
28054,KCLANPO23N000028055,장소,관광지,20393515,영천곰탕골목,,,60517,먹거리/패션거리,4723011300109820003,경상북도,영천시,완산동,,982-3,4723011300,4723054000,472304730384.0,시장4길,52,128.9385267,35.96420447,마마297751,20240108,KT,KC_495_LLR_ATRCTN_2023,20231220
30263,KCLANPO23N000030264,장소,관광지,20632850,영천보현산약초식물원,,,60511,식물원,4723034029200760001,경상북도,영천시,화북면,정각리,산76-1,4723034029,4723034000,472304730245.0,배나무정길,344,128.9796991,36.14138719,마마331948,20240108,KT,KC_495_LLR_ATRCTN_2023,20231220
31862,KCLANPO23N000031863,장소,관광지,20727701,임고선원강변캠핑장,,,60520,캠핑장,4723037022109090119,경상북도,영천시,임고면,선원리,909-119,4723037022,4723037000,472303018008.0,포은로,580,128.9742134,36.02769761,마마328822,20240108,KT,KC_495_LLR_ATRCTN_2023,20231220
32295,KCLANPO23N000032296,장소,관광지,20739820,영천한우숯불단지,,,60517,먹거리/패션거리,4723012600105640003,경상북도,영천시,도남동,,564-3,4723012600,4723055500,,,,128.9369229,35.93585118,마마296719,20240108,KT,KC_495_LLR_ATRCTN_2023,20231220
34700,KCLANPO23N000034701,장소,관광지,20871645,전국영어한마당축제,,,60523,지역축제,4723010900101400000,경상북도,영천시,성내동,,140,4723010900,4723053500,472303310025.0,최무선로,241,128.9263752,35.96519868,마마286752,20240108,KT,KC_495_LLR_ATRCTN_2023,20231220
35017,KCLANPO23N000035018,장소,관광지,20882804,오리장림관광농원자동차야영장,,,60520,캠핑장,4723034021122120000,경상북도,영천시,화북면,자천리,2212,4723034021,4723034000,472303018036.0,천문로,2118,128.9117374,36.10059368,마마270902,20240108,KT,KC_495_LLR_ATRCTN_2023,20231220
37560,KCLANPO23N000037561,장소,관광지,21085769,약전거리,,,60517,먹거리/패션거리,4723011300109320001,경상북도,영천시,완산동,,932-1,4723011300,4723054000,,,,128.9390404,35.96020362,마마297746,20240108,KT,KC_495_LLR_ATRCTN_2023,20231220
37764,KCLANPO23N000037765,장소,관광지,21085984,영천공설시장곰탕골목,,,60517,먹거리/패션거리,4723011300109820003,경상북도,영천시,완산동,,982-3,4723011300,4723054000,472304730384.0,시장4길,52,128.9385196,35.96429209,마마297751,20240108,KT,KC_495_LLR_ATRCTN_2023,20231220
40738,KCLANPO23N000040739,장소,관광지,21712312,화랑설화마을,,,60513,일반관광지,4723025041100280001,경상북도,영천시,금호읍,황정리,28-1,4723025041,4723025000,,,,128.921895,35.92652942,마마282709,20240108,KT,KC_495_LLR_ATRCTN_2023,20231220
40741,KCLANPO23N000040742,장소,관광지,21713067,영천아우노펠리스글램핑,,,60520,캠핑장,4723012800108010000,경상북도,영천시,언하동,,801,4723012800,4723051000,472304730313.0,상신기길,150,128.9564501,36.00350872,마마312795,20240108,KT,KC_495_LLR_ATRCTN_2023,20231220
41301,KCLANPO23N000041302,장소,관광지,21801342,별밤글램핑,,,60520,캠핑장,4723037025100060003,경상북도,영천시,임고면,평천리,6-3,4723037025,4723037000,472303018008.0,포은로,814,128.9882094,36.04526873,마마340841,20240108,KT,KC_495_LLR_ATRCTN_2023,20231220
41796,KCLANPO23N000041797,장소,관광지,21875288,은해로운캠핑장,,,60520,캠핑장,4723031030102910001,경상북도,영천시,청통면,치일리,291-1,4723031030,4723031000,472303309017.0,대동로,423,128.8003099,35.99077569,마마172778,20240108,KT,KC_495_LLR_ATRCTN_2023,20231220
45449,KCLANPO23N000045450,장소,관광지,22299254,영천한의마을한옥체험관,,,60518,팜스테이,4723011000101300001,경상북도,영천시,화룡동,,130-1,4723011000,4723053500,,,,128.9211925,35.97761261,마마281765,20240108,KT,KC_495_LLR_ATRCTN_2023,20231220
46420,KCLANPO23N000046421,장소,관광지,22423616,보현산자연휴양림,,,60503,휴양림/수목원,4723034023200490000,경상북도,영천시,화북면,입석리,산49,4723034023,4723034000,472304730245.0,배나무정길,334,128.9779601,36.14237064,마마329949,20240108,KT,KC_495_LLR_ATRCTN_2023,20231220
46547,KCLANPO23N000046548,장소,관광지,22442354,두드림캠핑장,,,60520,캠핑장,4723031026105260001,경상북도,영천시,청통면,죽정리,526-1,4723031026,4723031000,472304730072.0,구정길,53-77,128.8266055,35.9795523,마마195766,20240108,KT,KC_495_LLR_ATRCTN_2023,20231220
47150,KCLANPO23N000047151,장소,관광지,22501648,송곡서원,,,60609,서원/향교/서당,4723031031102270003,경상북도,영천시,청통면,애련리,227-3,4723031031,4723031000,,,,128.8029451,36.00031153,마마174789,20240108,KT,KC_495_LLR_ATRCTN_2023,20231220
47204,KCLANPO23N000047205,장소,관광지,22509315,창대서원,,,60609,서원/향교/서당,4723010800100100000,경상북도,영천시,과전동,,10,4723010800,4723052000,472304730630.0,창대서원1길,9-18,128.930645,35.96560211,마마290752,20240108,KT,KC_495_LLR_ATRCTN_2023,20231220
47206,KCLANPO23N000047207,장소,관광지,22509411,완귀정,,,60603,유명사적/유적지,4723012600105950000,경상북도,영천시,도남동,,595,4723012600,4723055500,472304730332.0,서당길,25-34,128.9350576,35.93640043,마마294720,20240108,KT,KC_495_LLR_ATRCTN_2023,20231220
47897,KCLANPO23N000047898,장소,관광지,22603373,영천작약꽃축제,,,60523,지역축제,4723035027200030002,경상북도,영천시,화남면,삼창리,산3-2,4723035027,4723035000,472303018036.0,천문로,1771-24,128.9005852,36.07238139,마마261870,20240108,KT,KC_495_LLR_ATRCTN_2023,20231220
47904,KCLANPO23N000047905,장소,관광지,22604403,채송화글램핑장,,,60520,캠핑장,4723034021122120000,경상북도,영천시,화북면,자천리,2212,4723034021,4723034000,472303018036.0,천문로,2118,128.9118086,36.10067362,마마270902,20240108,KT,KC_495_LLR_ATRCTN_2023,20231220
49227,KCLANPO23N000049228,장소,관광지,22861823,천문대별빛정원,,,60520,캠핑장,4723034029100190000,경상북도,영천시,화북면,정각리,19,4723034029,4723034000,472304730586.0,정각길,150,128.9966758,36.15094354,마마346959,20240108,KT,KC_495_LLR_ATRCTN_2023,20231220
50535,KCLANPO23N000050536,장소,관광지,23048731,별밤캠프,,,60520,캠핑장,4723034021123190000,경상북도,영천시,화북면,자천리,2319,4723034021,4723034000,472303018036.0,천문로,2149-127,128.9054264,36.11156344,마마264914,20240108,KT,KC_495_LLR_ATRCTN_2023,20231220
50630,KCLANPO23N000050631,장소,관광지,23058509,삼밭골글램핑,,,60506,야영장,4723010300106190003,경상북도,영천시,야사동,,619-3,4723010300,4723051000,472304730294.0,삼밭골길,107,128.9396389,35.98931059,마마297779,20240108,KT,KC_495_LLR_ATRCTN_2023,20231220
50845,KCLANPO23N000050846,장소,관광지,23093926,캠프공존,,,60520,캠핑장,4723025038103980000,경상북도,영천시,금호읍,신대리,398,4723025038,4723025000,472304730002.0,가라골1길,90,128.8611801,35.92087256,마마228702,20240108,KT,KC_495_LLR_ATRCTN_2023,20231220
50962,KCLANPO23N000050963,장소,관광지,23109715,자호천생태학교,,,60520,캠핑장,4723036026108030000,경상북도,영천시,자양면,신방리,803,4723036026,4723036000,472303309040.0,신방로,626,129.0731545,36.06653173,마마416866,20240108,KT,KC_495_LLR_ATRCTN_2023,20231220
